{"cameraMode":{"drawMode":0,"name":"Shaded","section":"Shading Mode"},"sceneLighting":true,"audioPlay":false,"sceneViewState":{"m_AlwaysRefresh":false,"showFog":true,"showSkybox":true,"showFlares":true,"showImageEffects":true,"showParticleSystems":true,"showVisualEffectGraphs":true,"m_FxEnabled":true},"in2DMode":false,"pivot":{"x":24.088197708129884,"y":-49.825096130371097,"z":27.697399139404298},"rotation":{"x":0.46261313557624819,"y":-0.016906706616282464,"z":0.008322598412632943,"w":0.886614978313446},"size":111.39998626708985,"orthographic":false}